Words,Frequency
This,14
place,5
in,35
Seattle,3
serves,5
tidetotable,3
shellfish,3
Follow,22
bringme,22
for,48
more,25
foodie,16
spots,3
around,16
the,92
world,10
Are,3
you,22
ready,5
to,87
get,11
bougie,3
on,32
a,49
budget,3
You,7
can,17
Michelin,3
star,3
meal,3
Paris,3
adventures,15
Why,6
aren't,2
following,2
yet,3
ğŸŒ,2
Brazil,2
makes,2
cheesiest,2
chili,2
cheeseburgers,2
Move,2
over,4
Italy,2
Vancouver,2
might,2
have,11
world's,2
best,3
gelato,4
What's,2
your,27
favorite,6
flavor,2
mouthwatering,2
globe,4
ğŸŒ,2
Sushi,2
sustainability,2
my,3
dream,3
come,3
true,2
#bringme,2
#portlandtravel,2
#sushirestuarant,2
#sushi,2
#oregontravel,2
#sustainability,2
These,4
are,28
cheesecake,2
tea,2
cups,2
and,69
I'll,2
take,3
one,14
of,56
EVERYTHING,2
pickle,2
beer,2
flights,2
with,25
southern,2
twist,3
all,7
Cozy,2
up,8
at,12
this,17
hot,3
chocolate,2
cafÃ©,2
They,4
50,2
different,8
kinds,2
Thanks,2
dairyfree,2
blueberry,2
lime,2
â€œcheesecakeâ€,2
recipe,3
goodful,2
ğŸ˜ğŸ¤¤,2
The,13
electric,2
fruit,4
peeler,2
ğŸŠ|,2
Itâ€™s,5
Cool,2
But,2
Does,2
It,3
Really,2
WorkThe,2
Orange,4
Peel,4
Pro,4
peels,2
lightning,2
speeds,2
jacobgabbard,2
medhapedia,2
put,5
it,13
test,2
see,2
if,2
really,2
peel,4
three,4
five,2
fruits,5
just,2
minute,2
Oranges,2
apples,2
kiwis,2
mangoes,2
avocados,2
onions,2
we,4
try,4
allYou,2
purchase,2
herehttps//usaunlimitedllccom/product/orangepeelprofessional/#fruitpeeler,2
#fruit,2
#gadgets,2
#tech,2
#FoodInsider,16
wagyu,2
beef,6
is,25
so,7
expensive,6
|,6
So,4
ExpensiveWagyu,2
most,6
prized,2
A,3
single,2
cow,2
be,7
sold,2
$30000,2
Part,2
reason,2
why,2
it's,2
due,2
its,4
exclusivity,2
increasing,2
demand#Wagyu,2
#wagyubeef,2
#beef,2
#culinary,2
#food,12
rise,2
fall,2
Subway,4
With,10
thousands,2
store,3
closures,2
last,3
years,2
petitions,2
against,2
subway,2
from,37
franchise,2
owners,2
fastfood,2
chain,2
locations,2
globally,2
seems,2
rocks,2
We,3
unpack,2
what's,2
going,3
where,8
Subway's,2
headed,2
here#Subway,2
#sandwich,2
#restaurant,2
8,4
New,4
Jersey,2
restaurants,12
order,8
takeout,6
while,6
social,7
distancingIn,4
an,8
effort,4
stop,5
spread,4
novel,4
coronavirus,4
state,4
governments,4
declaring,4
mandates,4
close,4
bars,4
except,4
pickup,6
or,13
delivery,10
orders,4
As,2
publication,2
these,4
were,2
offering,2
either,2
though,2
hours,2
availability,2
subject,2
change,6
Tony,2
Boloney's,2
Hoboken,8
(201),14
2228669,2
tonyboloneyscomO'Bagel,2
6838600,2
directchownowcomFiore's,2
House,2
Quality,2
6591655,2
(pickup,2
only)Carlo's,2
Bakery,2
6593671,2
orderscarlosbakerycomBrother,2
Bruno's,2
Wayne,2
(973),2
7903321,2
directchownowcomCARS,2
Sandwiches,2
&,4
Shakes,2
Ramsey,2
8718600,2
wwweatatcarscomKimchi,2
Smoke,2
Westwood,2
4976333,2
directchownowcom,2
Brownstone,2
Pancake,2
Factory,2
Edgewater,2
9454800,2
ubereatscom#Jersey,2
#NewJersey,2
#takeout,2
Tag,2
us,5
delicious,3
quarantine,5
dishes,4
chance,2
featured,2
our,18
feed,2
few,2
tasty,2
meals,2
food,9
producers,2
cooked,2
distancing,2
ğŸ¥—ğŸ¥–ğŸ¥˜,2
along,2
what,4
they,3
making,4
home,4
crepesofwrath,4
lisaparadise,4
rinnny_,2
#foodfromhome,2
#workingfromhome,2
#foodinsider,2
#quarantinedishes(Credit,2
rinnny_/Instagram),2
12,4
Los,4
Angeles,4
now,2
several,4
states,2
restrictions,2
which,3
already,2
affecting,2
local,6
business,4
Here,4
small,4
but,4
comprehensive,2
list,6
that,6
fromFeaturing,2
mooscraftbarbecue,2
employeesonlyla,2
sonoratownla,2
guerillatacos,2
riceboxla,2
crossroadskitchen,2
slab,2
primosdonutsla,2
tsujitala,2
tacos1986la,2
thepienburger,2
#fooddelivery,2
#coronavirus,2
#socialdistancing,2
animated,2
map,2
shows,3
coffee,5
actually,4
comes,8
â˜•ï¸Nearly,2
two,4
thirds,2
Americans,4
drink,2
everyday,2
how,4
many,3
them,5
know,2
If,5
sip,2
morning,2
joe,2
major,2
brands,2
like,8
Starbucks,2
Dunkinâ€™,2
McDonalds,2
chances,2
countries,2
Latin,2
America,2
Companies,2
source,2
regions,2
reduce,2
risk,2
maintain,2
steady,2
supply,2
beans,2
seasons,2
serve,2
flavors,2
their,6
customers#coffee,2
#map,2
#coffeemap,2
47,4
drinks,6
add,3
bucket,4
Ultimate,2
ListThis,2
ultimate,2
musttry,2
From,4
colorful,2
coffees,2
100ounce,2
cocktails,2
here,3
eclectic,2
before,2
die,2
Among,2
favorites,2
boba,2
mimosa,2
Orlando's,2
Domu,2
Bloody,2
Mary,2
topped,2
fried,2
hens,2
Party,3
Fowl,2
Nashville#drinks,2
#TheUltimateList,2
lobster,4
ExpensiveVia,2
businessinsiderLobster,2
went,2
prison,2
wellknown,2
delicacy,2
Seafood,2
was,2
left,2
out,4
rationed,2
foods,2
during,4
WWII,2
advent,2
railway,2
transportation,2
became,2
known,2
as,13
exotic,2
delicacy#lobster,2
#expensivelobster,2
#seafood,2
#WWII,2
#prisonfood,2
What,6
keto,4
diet,8
does,3
body,2
ketogenic,2
has,6
become,3
popular,2
way,4
lose,2
weight,2
highfat,2
lowcarb,2
drastic,2
USDA,2
recommends,2
also,2
huge,2
bodyâ€™s,2
metabolism#keto,2
#ketogenic,2
#ketogenicdiet,2
#diet,2
#ScienceInsider,2
Mr,2
Booth,2
ğŸ‘¶ğŸ»,2
pays,2
his,4
4th,2
visit,2
Lâ€™Dadâ€™s,2
Chateau,2
(boothums),2
evening,2
light,2
quesadilla,2
arrangement,2
Eat,2
well,6
young,2
#foodbeast,11
Whoâ€™s,2
episode,2
5,2
DORITOS,2
LOCOS,2
QUESARITO,2
ğŸŒ¶ğŸ”¥ğŸŒ¯ğŸ§€,2
dope,2
foodbeastkitchen,2
League,2
matchups,2
twitch,2
creation,2
mind,2
thejoshelkin,2
who,5
crusted,2
Doritos,2
scratchmade,2
quesarito,2
bring,2
dish,4
life,3
Should,2
tacobell,2
menu,2
fam,4
Sound,2
off,2
comments,2
check,2
Twitch,2
channel,2
cooking,3
fun,4
Twitchtv/foodbeast,2
ELOTE,4
GRILLED,3
SHRIMP,2
special,2
tacoslacalle,2
made,2
request,2
grilled,2
shrimp,2
guacamole,2
nacho,2
cheese,4
youâ€™re,2
#BuenaPark,2
hit,3
apps,2
indulge,2
Day,4
2,4
Chocolate,2
ChipsOn,2
day,2
bookofelieâ€™s,2
journey,2
master,2
mysterious,2
2Ingredient,2
Banana,2
Pancakes,2
he,5
learns,2
heat,2
control,2
pancake,2
flipping,2
Also,2
adds,2
3rd,2
ingredient,2
mix,2
will,4
3,2
entail,2
#FoodNews,6
#Subway,2
launched,2
something,2
called,2
Grocery,3
note,2
itâ€™s,2
customers,3
stuff,4
meats,2
breads,2
produce,3
m,2
giving,2
back,3
communities,2
pham_bot,2
full,2
story,4
details,4
foodbeastcom,2
through,4
link,4
bio,4
updated,2
#Costco,2
guidelines,2
rounds,2
Full,2
#Foodbeastcom,2
#CPG,2
HONEYRACHA,2
ğŸ¯ğŸ”¥ğŸŒ¶,2
Where,2
yâ€™all,2
land,2
familyfooddude,2
claims,2
â€œthis,2
ğŸ”¥â€,2
Found,2
#WalMart,2
BREAKFAST,1
BURRITO,1
cornerburger,1
passes,1
#Foodbeast,1
ğŸ‘test,1
#BurritoBust,1
ANIMAL,1
STYLE,1
FRIES,1
RACK,1
OF,1
INNOUT,1
BURGERS,1
ğŸ”,1
ğŸŸ//,1
Beautifully,1
eaten,1
by,3
foodieoc,1
PEANUT,1
BUTTER,1
HONEY,1
BACON,1
SPICY,1
SANDWICH,1
ğŸ¥œ,1
ğŸ¯,1
ğŸ¥“,1
ğŸŒ¶,1
Made,1
#foodbeasts,1
Greg,1
Rebecca,1
devourpower,1
sandwich,1
involves,1
crispy,1
bacon,1
peanut,1
butter,3
honey,1
sauced,1
sauce,1
â¤ï¸ğŸ‘€ğŸ”¥ğŸ¤¤,1
Dahi,2
Wale,4
Golgappe,4
ğŸ˜,1
Bhai,1
Mujhe,1
To,3
Aise,1
Pasand,2
HaiApko,1
Kaise,1
Simple,2
Paani,1
Or,1
Bharwa,1
#dilsefoodie,1
#streetfood,1
#lockdown2020,1
Punjabi,1
Kadhi,1
RecipeEasy,5
Cooking,5
Dilsefoodie,5
Episode,5
8#dilsefoodie,1
Food,1
No,1
Body,1
Can,2
Rate,1
ğŸ™,1
Langar,1
At,2
Golden,2
Temple,2
Amritsar,1
â™¥ï¸Tag,1
That,1
Friend,1
Whom,1
Wanna,1
Go,1
After,2
Situation,1
Get,2
Over#dilsefoodie,1
#Amritsar,1
Most,1
Spieciest,1
Souji,1
Maggi,1
Ram,1
Khokha,1
Returns,1
Nagpur#Dilsefoodie,1
#nagpur,1
#maggi,1
Paneer,2
Pakode,1
7Please,1
Coment,1
Below,1
Like,1
#Dilsefoodie,1
#easycookingwithdilsefoodie,4
Koyle,1
Wala,1
Bombay,1
Sandwich,1
In,2
Viman,1
Nagar,1
PuneAnyone,1
Pune,3
Please,1
Tell,1
Me,1
Not,1
Miss,1
Lockdown,1
Over,1
I,2
Am,1
Planning,1
For,1
Jammu,1
And,2
Mumbai#dilsefoodie,1
#pune,1
#bombaysandwich,1
Atte,1
Aloo,1
6#dilsefoodie,1
Capsicum,1
5#Dilsefoodie,1
Easy,1
Way,1
Make,2
Bhindi,1
MasalaCooking,1
Dilsefoodie#Dilsefoodie,1
#Cookingwithdilsefoodie,1
Laccha,1
Parantha,1
4#Dilsefoodie,1
#QuarantineAndChill,2
#QarantineGroceryListRide,1
recommendations,1
next,2
trip,1
(other,1
than,1
favourite,3
snacks)ğŸ…Veggies,1
Fruits,1
Fresh,1
much,2
longerğŸ–Protein,1
freeze,1
pretty,1
any,1
meat,1
chicken,2
fishğŸ¥šStaples,1
Do,1
quick,1
inventory,1
milk,1
eggs,1
oils,1
spices,1
bread,1
rice,2
cerealğŸ¥«Misc,1
Pasta,1
quinoa,1
canned,1
dry,1
pulses,2
flour,2
tortilla,1
longer,1
shelf,1
rescue,1
when,1
running,1
low,1
veggiesâ„ï¸,1
Freezer,1
pizza,1
base,1
veggies,1
such,1
spinach,1
broccoli,1
carrots,1
cauliflower,1
frozen,1
rainy,1
dayJust,1
remember,1
consider,1
need,1
others,1
donâ€™t,1
buy,1
stock,1
grocery,1
storeTip,1
Take,1
screenshot,1
FT,1
Quarantine,1
List,1
shared,1
stories,1
Join,1
shuchirsuri,2
sahilmarwaha,1
whip,1
super,1
healthy,1
smoothie,2
bowl,2
live,3
4PM,1
today,2
do,2
#Quarantipples,1
#WhippedCoffeeGinDonâ€™t,1
worry,1
arenâ€™t,1
bore,1
another,2
#Dalgona,1
tutorialanandinaglass,1
greaterthangin,2
easy,1
cocktail,2
tutorial,2
time,4
using,1
whipped,1
baseNow,1
accepting,1
requests,1
feature,1
Send,1
suggestions,1
may,1
nextCredits,1
#TalkRecipe,1
#EasyButterChickenMissing,1
Pandaraâ€™s,1
Trust,1
no,1
fuss,1
finger,1
lickin',1
goodMake,1
learning,3
cook,2
dishTag,1
half,1
ask,1
pinterest,1
Joy,1
simplyrecipes,1
tablefortwoxyz,1
sons,1
Tshirt,1
him,1
chewing,1
ğŸ™ˆ,1
#TalkStreaming,1
#RatatouilleA,1
comic,1
rat,2
chef,1
almost,1
unbearable,1
sensuality,1
revisit,1
feelgood,1
movie,1
Ratatouille,1
Remy,2
very,1
unusual,1
somehow,1
lifetime,1
sorting,1
human,1
garbage,1
furry,1
tribe,1
develops,1
taste,2
fresh,1
fate,1
winds,1
kitchen,2
topflight,1
Parisian,1
restaurant,2
Tantalizing,1
buds,1
even,1
jaded,1
pursues,1
despite,1
threat,1
being,1
ratted,1
outRatatouille,1
sure,1
feels,1
those,2
classic,1
old,1
cartoons,1
used,1
watch,1
marathons,1
early,1
mornings,1
ğŸ¥,1
netflix_in,1
wikipedia,1
ğŸ¤£ğŸ¤£ğŸ¤£,1
#NoQuarantineBluesBeatâ€™,1
em,1
blues,1
tips,2
stay,2
entertained,1
connected,1
friendsğŸ–¥,1
Netflix,2
Play,1
pause,1
sync,1
friends,1
Family,1
Cook,1
Off,1
Divide,1
into,1
teams,1
compete,1
title,1
chefWork,1
inâ€™,2
Pick,1
exercise,1
buddy,1
catch,1
â€˜work,1
sessions,1
happening,1
youğŸ²,1
Video,1
Calls,1
Group,1
video,1
calls,1
games,1
Heads,1
Up,1
Quick,1
Draw,1
Trivia,1
Virtual,1
class,1
new,1
language,1
paint,1
possibilities,1
endlessWhat,1
ways,1
staying,1
lockdown,1
Share,1
active,1
Want,1
help,2
daily,3
wage,2
workers,1
6,1
organisations,1
supporting,1
struggling,1
make,1
ends,1
meet1,1
Adi,1
Shakti,1
Shiksha,1
Foundation,1
Distribution,1
Gurgaon,1
adishaktishiksha2,1
SAFA,1
Society,1
Distributing,1
relief,1
packages,1
across,1
â€”,1
Delhi,1
Chennai,1
Hyderabad,1
Bengaluru,1
safaindia3,1
Ketto,1
Raising,2
multiple,1
funds,2
aid,1
earners,1
waste,1
pickers,1
urban,1
poor,1
kettoindia4,1
Zomato,1
Feed,1
Daily,1
Wager,1
Donating,1
ration,1
kits,2
worth,1
Rs,1
500,1
containing,1
wheat,1
soap,1
required,1
family,1
week,1
feedingindia,1
zomatoin,1
#FeedTheDailyWager5,1
Our,2
Democracy,1
wagers,1
don't,1
luxury,1
working,1
ourdemocracyin6,1
Give,1
India,1
Providing,1
hygiene,1
provisions,1
COVID,1
families,1
give_india,1
Founder,1
5pm,1
Amit,1
Arora,1
Buddy,1
group,1
nrai_youthcommittee,1
Subject,1
How,1
use,1
crisis,1
needy,1
Tune,1
